,host_id,price,room_type,bedrooms,beds,bathrooms,bed_type
1,3159,59,Private room,1.0,2.0,1.0,Real Bed
2,3718,95,Entire home/apt,1.0,1.0,1.0,Real Bed
3,4716,100,Entire home/apt,1.0,1.0,1.0,Real Bed
4,5271,250,Entire home/apt,2.0,2.0,1.0,Real Bed
5,5271,140,Private room,1.0,1.0,1.0,Real Bed
6,5271,115,Private room,1.0,1.0,1.0,Futon
7,5988,80,Private room,1.0,1.0,1.0,Real Bed
8,9616,80,Private room,1.0,1.0,1.0,Real Bed
9,14589,90,Entire home/apt,1.0,1.0,1.0,Real Bed
10,15618,100,Entire home/apt,2.0,2.0,1.5,Real Bed
11,21669,95,Entire home/apt,2.0,2.0,1.0,Real Bed
12,26919,145,Entire home/apt,1.0,1.0,1.0,Real Bed
13,32366,132,Entire home/apt,1.0,1.0,1.5,Real Bed
14,36701,79,Entire home/apt,1.0,1.0,1.0,Real Bed
15,42212,180,Entire home/apt,0.0,2.0,1.0,Real Bed
16,42212,75,Shared room,1.0,1.0,1.0,Real Bed
17,42725,82,Private room,1.0,2.0,1.0,Real Bed
18,46431,59,Private room,1.0,1.0,1.0,Real Bed
19,47517,99,Entire home/apt,1.0,1.0,1.0,Real Bed
20,50517,190,Entire home/apt,1.0,2.0,1.0,Real Bed
21,56142,110,Entire home/apt,1.0,2.0,1.0,Real Bed
22,14589,90,Entire home/apt,1.0,1.0,1.0,Real Bed
23,56142,100,Entire home/apt,1.0,1.0,1.0,Real Bed
24,59059,35,Private room,1.0,2.0,1.5,Real Bed
25,59297,43,Private room,1.0,2.0,,Real Bed
26,59484,50,Private room,1.0,1.0,1.0,Real Bed
27,59484,50,Private room,1.0,1.0,4.0,Real Bed
28,62341,69,Entire home/apt,1.0,1.0,1.0,Real Bed
29,65041,80,Entire home/apt,1.0,2.0,1.0,Real Bed
30,65041,80,Entire home/apt,1.0,4.0,1.5,Real Bed
31,69651,110,Private room,1.0,1.0,1.0,Real Bed
32,69651,350,Entire home/apt,1.0,1.0,2.0,Real Bed
33,70937,110,Entire home/apt,1.0,2.0,1.0,Real Bed
34,74250,74,Private room,1.0,1.0,1.0,Real Bed
35,77484,250,Entire home/apt,2.0,5.0,1.0,Real Bed
36,77484,200,Entire home/apt,4.0,6.0,1.5,Real Bed
37,77484,180,Entire home/apt,2.0,3.0,1.0,Real Bed
38,77484,200,Entire home/apt,2.0,4.0,1.0,Real Bed
39,77484,160,Entire home/apt,2.0,3.0,2.0,Real Bed
40,77484,200,Entire home/apt,2.0,3.0,2.0,Real Bed
41,77484,160,Entire home/apt,2.0,5.0,1.5,Real Bed
42,77484,120,Entire home/apt,2.0,3.0,1.0,Real Bed
43,77484,120,Entire home/apt,2.0,2.0,1.5,Real Bed
44,77484,120,Entire home/apt,1.0,2.0,1.0,Real Bed
45,77484,100,Entire home/apt,1.0,2.0,1.0,Real Bed
46,77484,75,Entire home/apt,1.0,2.0,1.0,Real Bed
47,77484,140,Entire home/apt,1.0,4.0,1.0,Real Bed
48,77484,160,Entire home/apt,1.0,1.0,1.0,Real Bed
49,77484,120,Entire home/apt,1.0,2.0,1.0,Real Bed
50,78857,80,Entire home/apt,1.0,2.0,1.0,Real Bed
51,82145,206,Entire home/apt,5.0,6.0,2.0,Real Bed
52,82145,140,Entire home/apt,2.0,3.0,1.0,Real Bed
53,82145,200,Entire home/apt,2.0,2.0,1.0,Real Bed
54,82145,227,Entire home/apt,2.0,3.0,2.0,Real Bed
55,82145,140,Entire home/apt,2.0,2.0,1.0,Real Bed
56,82145,200,Entire home/apt,1.0,2.0,1.0,Real Bed
57,97647,135,Entire home/apt,1.0,1.0,1.0,Real Bed
58,98829,90,Entire home/apt,1.0,1.0,1.0,Real Bed
59,98844,95,Entire home/apt,1.0,1.0,1.5,Real Bed
60,101455,179,Entire home/apt,2.0,4.0,1.0,Real Bed
61,106225,120,Entire home/apt,3.0,3.0,1.0,Real Bed
62,106225,230,Entire home/apt,1.0,1.0,1.0,Real Bed
63,106241,195,Entire home/apt,2.0,2.0,1.0,Real Bed
64,119217,100,Private room,1.0,1.0,1.0,Real Bed
65,119217,55,Private room,1.0,1.0,1.0,Futon
66,123414,60,Private room,1.0,3.0,1.0,Real Bed
67,123414,60,Private room,1.0,1.0,1.0,Real Bed
68,124245,75,Private room,1.0,1.0,,Real Bed
69,124245,55,Private room,1.0,1.0,,Real Bed
70,124245,45,Private room,1.0,1.0,1.0,Real Bed
71,124912,120,Entire home/apt,1.0,1.0,1.5,Real Bed
72,125667,180,Entire home/apt,2.0,2.0,2.0,Real Bed
73,125667,100,Entire home/apt,0.0,1.0,1.0,Real Bed
74,125667,100,Entire home/apt,0.0,1.0,1.0,Real Bed
75,126790,100,Entire home/apt,1.0,1.0,1.0,Real Bed
76,127233,130,Entire home/apt,1.0,1.0,1.0,Real Bed
77,127233,110,Entire home/apt,1.0,2.0,1.0,Real Bed
78,62341,69,Entire home/apt,1.0,1.0,1.0,Real Bed
79,127938,70,Entire home/apt,1.0,1.0,1.0,Real Bed
80,131462,120,Entire home/apt,1.0,1.0,1.5,Real Bed
81,133328,40,Private room,1.0,1.0,1.0,Real Bed
82,133347,95,Entire home/apt,1.0,1.0,1.0,Real Bed
83,133488,180,Entire home/apt,3.0,3.0,1.0,Real Bed
84,133785,100,Entire home/apt,1.0,1.0,1.0,Real Bed
85,140224,200,Entire home/apt,2.0,2.0,1.5,Real Bed
86,148238,129,Entire home/apt,3.0,2.0,1.5,Real Bed
87,148390,80,Entire home/apt,1.0,1.0,1.0,Real Bed
88,160130,150,Entire home/apt,1.0,3.0,1.0,Real Bed
89,164204,95,Entire home/apt,1.0,2.0,1.0,Futon
90,170371,89,Entire home/apt,1.0,2.0,1.0,Real Bed
91,170371,125,Entire home/apt,1.0,1.0,1.0,Real Bed
92,170462,130,Entire home/apt,2.0,2.0,1.5,Real Bed
93,172464,120,Entire home/apt,2.0,2.0,1.0,Real Bed
94,178227,67,Entire home/apt,2.0,2.0,1.0,Real Bed
95,178294,275,Entire home/apt,2.0,4.0,1.5,Real Bed
96,178515,76,Entire home/apt,1.0,1.0,1.0,Real Bed
97,179958,89,Entire home/apt,2.0,6.0,1.0,Real Bed
98,179958,85,Entire home/apt,1.0,2.0,1.0,Real Bed
99,184354,129,Entire home/apt,1.0,2.0,1.0,Real Bed
100,186729,85,Private room,1.0,1.0,1.0,Real Bed
101,187417,125,Entire home/apt,1.0,2.0,1.0,Real Bed
102,187580,139,Entire home/apt,1.0,1.0,1.0,Real Bed
103,187580,139,Entire home/apt,1.0,1.0,1.0,Real Bed
104,187580,195,Entire home/apt,1.0,1.0,1.0,Real Bed
105,187728,170,Entire home/apt,1.0,1.0,1.5,Real Bed
106,187728,130,Entire home/apt,1.0,1.0,1.0,Real Bed
107,187728,200,Entire home/apt,1.0,1.0,1.5,Real Bed
108,187728,365,Entire home/apt,1.0,1.0,1.5,Real Bed
109,187728,140,Entire home/apt,1.0,1.0,1.5,Real Bed
110,187728,120,Entire home/apt,0.0,1.0,1.5,Pull-out Sofa
111,187861,74,Private room,1.0,2.0,2.0,Real Bed
112,191384,75,Private room,1.0,2.0,1.5,Real Bed
113,191384,75,Private room,1.0,1.0,1.5,Real Bed
114,191980,129,Entire home/apt,1.0,1.0,1.0,Real Bed
115,193021,120,Entire home/apt,1.0,1.0,1.0,Real Bed
116,193099,275,Entire home/apt,1.0,1.0,1.0,Real Bed
117,193227,200,Entire home/apt,1.0,2.0,1.0,Real Bed
118,195126,185,Entire home/apt,1.0,1.0,1.0,Real Bed
119,195126,185,Entire home/apt,1.0,1.0,1.0,Real Bed
120,195859,55,Private room,1.0,1.0,,Real Bed
121,197355,85,Private room,1.0,2.0,1.0,Real Bed
122,198036,145,Entire home/apt,2.0,2.0,1.5,Real Bed
123,199266,135,Entire home/apt,1.0,2.0,1.0,Real Bed
124,200188,140,Entire home/apt,1.0,1.0,1.0,Real Bed
125,201541,99,Entire home/apt,2.0,2.0,1.0,Real Bed
126,202005,90,Entire home/apt,1.0,1.0,1.0,Real Bed
127,202748,105,Entire home/apt,2.0,3.0,1.0,Real Bed
128,203202,67,Private room,1.0,1.0,1.0,Real Bed
129,203202,57,Private room,1.0,1.0,1.0,Real Bed
130,203202,57,Private room,1.0,1.0,1.0,Airbed
131,229241,175,Entire home/apt,3.0,4.0,1.0,Real Bed
132,210082,160,Entire home/apt,1.0,1.0,1.0,Real Bed
133,211696,100,Entire home/apt,2.0,2.0,1.0,Real Bed
134,213960,280,Entire home/apt,1.0,8.0,1.0,Real Bed
135,213960,135,Entire home/apt,,3.0,1.0,Real Bed
136,213960,135,Entire home/apt,,5.0,1.0,Real Bed
137,215655,160,Entire home/apt,1.0,1.0,1.0,Real Bed
138,219080,260,Entire home/apt,3.0,5.0,2.0,Real Bed
139,219460,107,Entire home/apt,1.0,1.0,1.0,Real Bed
140,224275,55,Private room,1.0,1.0,1.0,Real Bed
141,224516,199,Entire home/apt,1.0,1.0,1.0,Real Bed
142,225987,300,Entire home/apt,3.0,8.0,2.0,Real Bed
143,226808,140,Entire home/apt,2.0,2.0,2.0,Real Bed
144,227530,199,Entire home/apt,2.0,2.0,1.0,Real Bed
145,227941,145,Entire home/apt,1.0,1.0,1.0,Real Bed
146,229174,67,Entire home/apt,1.0,1.0,1.0,Real Bed
147,229241,175,Entire home/apt,3.0,4.0,1.0,Real Bed
148,230246,165,Entire home/apt,2.0,4.0,1.5,Real Bed
149,231946,100,Private room,1.0,2.0,1.0,Real Bed
150,232321,99,Entire home/apt,2.0,4.0,1.0,Real Bed
151,232321,79,Entire home/apt,1.0,5.0,1.0,Real Bed
152,237840,105,Entire home/apt,1.0,2.0,1.0,Real Bed
153,237840,85,Entire home/apt,1.0,1.0,1.0,Real Bed
154,240194,199,Entire home/apt,3.0,4.0,1.0,Pull-out Sofa
155,240194,189,Entire home/apt,3.0,4.0,1.0,Pull-out Sofa
156,240194,140,Entire home/apt,2.0,3.0,1.0,Pull-out Sofa
157,240194,99,Private room,1.0,2.0,1.0,Pull-out Sofa
158,240194,69,Shared room,1.0,1.0,1.0,Pull-out Sofa
159,243018,100,Entire home/apt,1.0,1.0,1.0,Real Bed
160,244255,74,Entire home/apt,1.0,2.0,1.0,Futon
161,246338,60,Entire home/apt,2.0,4.0,1.0,Real Bed
162,246493,72,Private room,1.0,4.0,1.0,Real Bed
163,246493,79,Entire home/apt,1.0,2.0,1.0,Real Bed
164,246493,79,Entire home/apt,1.0,1.0,1.0,Real Bed
165,247625,160,Entire home/apt,2.0,2.0,1.0,Real Bed
166,247822,75,Private room,1.0,1.0,1.0,Real Bed
167,249794,110,Entire home/apt,1.0,2.0,1.0,Real Bed
168,249835,85,Entire home/apt,1.0,2.0,1.0,Real Bed
169,249924,48,Private room,1.0,1.0,3.0,Real Bed
170,259495,90,Entire home/apt,1.0,1.0,1.0,Real Bed
171,260785,70,Private room,1.0,1.0,1.0,Pull-out Sofa
172,262799,190,Entire home/apt,4.0,5.0,2.0,Real Bed
173,262846,150,Entire home/apt,2.0,4.0,1.0,Real Bed
174,262846,400,Entire home/apt,2.0,4.0,1.0,Real Bed
175,263146,89,Entire home/apt,1.0,1.0,1.0,Real Bed
176,263233,119,Entire home/apt,1.0,1.0,1.0,Real Bed
177,263844,60,Private room,1.0,1.0,1.0,Real Bed
178,263888,125,Entire home/apt,2.0,2.0,1.0,Real Bed
179,125667,100,Entire home/apt,0.0,1.0,1.0,Real Bed
180,126790,100,Entire home/apt,1.0,1.0,1.0,Real Bed
181,127233,130,Entire home/apt,1.0,1.0,1.0,Real Bed
182,264178,99,Entire home/apt,2.0,4.0,1.5,Real Bed
183,264660,140,Entire home/apt,2.0,3.0,1.0,Real Bed
184,264690,120,Entire home/apt,1.0,3.0,1.0,Real Bed
185,264690,150,Entire home/apt,1.0,1.0,1.0,Real Bed
186,264963,85,Entire home/apt,1.0,2.0,1.0,Real Bed
187,266155,275,Entire home/apt,2.0,2.0,1.0,Real Bed
188,266602,129,Entire home/apt,1.0,1.0,1.0,Real Bed
189,267422,125,Private room,1.0,1.0,1.0,Real Bed
190,273329,85,Entire home/apt,2.0,2.0,1.0,Real Bed
191,275886,125,Entire home/apt,1.0,1.0,1.0,Real Bed
192,276068,119,Entire home/apt,1.0,4.0,1.0,Real Bed
193,276959,250,Entire home/apt,3.0,4.0,1.0,Real Bed
194,276959,95,Entire home/apt,1.0,3.0,1.0,Real Bed
195,278253,195,Entire home/apt,2.0,2.0,2.0,Real Bed
196,278253,195,Entire home/apt,2.0,3.0,1.0,Real Bed
197,280614,120,Entire home/apt,2.0,8.0,1.0,Real Bed
198,284023,99,Entire home/apt,2.0,2.0,1.0,Real Bed
199,287499,120,Entire home/apt,1.0,1.0,1.0,Real Bed
200,288514,125,Entire home/apt,1.0,1.0,0.0,Real Bed
201,288514,150,Entire home/apt,1.0,2.0,1.0,Real Bed
202,288514,150,Entire home/apt,1.0,2.0,0.0,Real Bed
203,288514,100,Entire home/apt,1.0,1.0,1.0,Real Bed
204,288514,100,Entire home/apt,1.0,1.0,1.0,Real Bed
205,288514,135,Entire home/apt,1.0,1.0,1.0,Real Bed
206,288514,100,Entire home/apt,1.0,1.0,1.0,Real Bed
207,288514,100,Entire home/apt,1.0,1.0,1.0,Real Bed
208,288514,110,Entire home/apt,1.0,1.0,1.5,Real Bed
209,288514,100,Entire home/apt,0.0,1.0,1.0,Real Bed
210,295735,65,Private room,1.0,1.0,1.0,Real Bed
211,298655,70,Private room,1.0,1.0,1.0,Real Bed
212,298957,100,Entire home/apt,1.0,1.0,1.5,Real Bed
213,301340,150,Entire home/apt,1.0,1.0,1.0,Real Bed
214,303781,300,Entire home/apt,2.0,4.0,2.0,Real Bed
215,303781,156,Entire home/apt,1.0,3.0,1.5,Real Bed
216,303781,200,Entire home/apt,1.0,3.0,1.0,Real Bed
217,306192,110,Entire home/apt,1.0,1.0,1.5,Real Bed
218,307265,89,Entire home/apt,,3.0,1.0,Real Bed
219,307370,99,Entire home/apt,1.0,1.0,1.5,Real Bed
220,311067,55,Entire home/apt,0.0,1.0,1.0,Pull-out Sofa
221,312121,127,Entire home/apt,1.0,1.0,1.0,Real Bed
222,312454,105,Entire home/apt,1.0,1.0,1.0,Real Bed
223,312863,350,Entire home/apt,3.0,6.0,2.5,Real Bed
224,316285,103,Entire home/apt,1.0,1.0,1.0,Real Bed
225,317696,111,Entire home/apt,1.0,1.0,1.0,Real Bed
226,320502,115,Entire home/apt,1.0,1.0,1.0,Real Bed
227,323183,80,Entire home/apt,1.0,1.0,1.0,Real Bed
228,329249,158,Entire home/apt,1.0,3.0,1.0,Real Bed
229,298957,100,Entire home/apt,1.0,1.0,1.5,Real Bed
230,329249,210,Entire home/apt,1.0,5.0,1.0,Pull-out Sofa
231,329249,263,Entire home/apt,4.0,6.0,1.0,Real Bed
232,329249,365,Entire home/apt,3.0,5.0,1.0,Real Bed
233,329249,95,Entire home/apt,1.0,3.0,1.0,Real Bed
234,329249,157,Entire home/apt,3.0,5.0,2.0,Real Bed
235,329249,157,Entire home/apt,2.0,5.0,1.0,Real Bed
236,329249,237,Entire home/apt,2.0,3.0,1.0,Real Bed
237,329249,120,Entire home/apt,2.0,1.0,,Real Bed
238,329249,320,Entire home/apt,2.0,3.0,1.0,Real Bed
239,329249,161,Entire home/apt,1.0,2.0,1.0,Real Bed
240,329249,146,Entire home/apt,1.0,2.0,1.0,Real Bed
241,329249,188,Entire home/apt,1.0,1.0,1.0,Real Bed
242,329249,147,Entire home/apt,1.0,3.0,1.0,Real Bed
243,329249,132,Entire home/apt,1.0,1.0,1.0,Real Bed
244,329249,105,Entire home/apt,1.0,2.0,1.0,Pull-out Sofa
245,329249,136,Entire home/apt,0.0,2.0,1.0,Real Bed
246,329249,116,Entire home/apt,0.0,2.0,1.0,Real Bed
247,329249,73,Entire home/apt,1.0,2.0,1.0,Real Bed
248,329249,158,Entire home/apt,1.0,1.0,1.0,Real Bed
249,329249,129,Entire home/apt,1.0,1.0,1.0,Real Bed
250,329249,153,Entire home/apt,1.0,1.0,1.0,Real Bed
251,329628,150,Entire home/apt,1.0,1.0,1.0,Real Bed
252,331324,45,Private room,1.0,1.0,1.0,Real Bed
253,335039,95,Entire home/apt,1.0,2.0,1.0,Real Bed
254,336950,249,Entire home/apt,2.0,4.0,1.5,Real Bed
255,336950,69,Private room,1.0,2.0,1.5,Real Bed
256,336950,69,Private room,1.0,2.0,1.5,Real Bed
257,336950,24,Shared room,1.0,1.0,1.5,Real Bed
258,344312,129,Entire home/apt,1.0,3.0,1.0,Real Bed
259,344312,129,Entire home/apt,1.0,3.0,1.0,Real Bed
260,356740,125,Entire home/apt,2.0,3.0,1.0,Real Bed
261,362990,149,Entire home/apt,2.0,2.0,1.0,Real Bed
262,368969,95,Entire home/apt,1.0,2.0,1.0,Real Bed
263,372592,145,Entire home/apt,1.0,1.0,1.0,Real Bed
264,378043,93,Private room,1.0,1.0,1.0,Real Bed
265,381900,150,Entire home/apt,2.0,3.0,2.5,Real Bed
266,382064,70,Private room,1.0,1.0,1.0,Real Bed
267,387205,175,Entire home/apt,1.0,2.0,1.0,Real Bed
268,387205,150,Entire home/apt,1.0,2.0,,Real Bed
269,389554,105,Entire home/apt,1.0,1.0,1.0,Real Bed
270,389623,299,Entire home/apt,2.0,4.0,2.0,Real Bed
271,389623,125,Entire home/apt,1.0,2.0,1.0,Real Bed
272,391235,180,Entire home/apt,2.0,5.0,1.0,Real Bed
273,391235,100,Entire home/apt,1.0,2.0,1.0,Real Bed
274,392580,125,Entire home/apt,1.0,2.0,1.0,Real Bed
275,399461,110,Entire home/apt,0.0,1.0,1.0,Real Bed
276,399879,100,Entire home/apt,0.0,1.0,1.0,Real Bed
277,399879,70,Private room,1.0,1.0,1.0,Real Bed
278,400896,105,Private room,1.0,2.0,1.0,Real Bed
279,400896,105,Private room,1.0,2.0,1.0,Real Bed
280,404143,119,Entire home/apt,1.0,1.0,1.0,Real Bed
281,404169,75,Entire home/apt,1.0,1.0,1.0,Real Bed
282,405625,116,Entire home/apt,1.0,1.0,0.5,Real Bed
283,409345,110,Entire home/apt,1.0,1.0,1.0,Real Bed
284,409579,95,Private room,1.0,2.0,1.0,Real Bed
285,410152,350,Entire home/apt,3.0,4.0,1.5,Real Bed
286,412277,92,Entire home/apt,3.0,4.0,1.0,Real Bed
287,412591,68,Private room,1.0,2.0,1.0,Real Bed
288,414348,325,Entire home/apt,3.0,4.0,2.0,Real Bed
289,415830,70,Entire home/apt,1.0,1.0,1.0,Real Bed
290,417248,169,Entire home/apt,2.0,2.0,1.0,Real Bed
291,422917,125,Entire home/apt,1.0,1.0,1.0,Real Bed
292,424469,90,Entire home/apt,3.0,5.0,2.0,Real Bed
293,425268,89,Entire home/apt,1.0,1.0,1.0,Real Bed
294,427170,115,Entire home/apt,1.0,1.0,1.0,Real Bed
295,436145,100,Private room,1.0,4.0,1.0,Real Bed
296,436145,100,Private room,1.0,2.0,1.0,Real Bed
297,436145,90,Private room,1.0,1.0,1.0,Real Bed
298,436145,95,Private room,1.0,1.0,1.0,Real Bed
299,436145,95,Private room,1.0,1.0,1.0,Real Bed
300,436145,95,Private room,1.0,1.0,1.0,Real Bed
301,437989,220,Entire home/apt,2.0,2.0,1.5,Real Bed
302,438232,120,Entire home/apt,1.0,1.0,1.0,Real Bed
303,438232,200,Entire home/apt,1.0,1.0,1.0,Real Bed
304,440034,190,Entire home/apt,3.0,4.0,,Real Bed
305,447638,89,Entire home/apt,1.0,2.0,1.0,Real Bed
306,447638,120,Entire home/apt,1.0,1.0,1.0,Real Bed
307,450453,139,Entire home/apt,1.0,2.0,,Real Bed
308,450453,119,Entire home/apt,1.0,1.0,1.5,Real Bed
309,453797,259,Entire home/apt,2.0,2.0,1.0,Real Bed
310,453797,99,Private room,1.0,2.0,1.0,Real Bed
311,456249,175,Entire home/apt,1.0,1.0,1.0,Real Bed
312,459028,120,Private room,1.0,4.0,1.0,Real Bed
313,459028,100,Private room,1.0,1.0,1.0,Real Bed
314,459028,140,Private room,1.0,1.0,1.0,Real Bed
315,460228,125,Entire home/apt,1.0,1.0,1.0,Real Bed
316,467814,110,Entire home/apt,2.0,5.0,2.0,Real Bed
317,467814,69,Entire home/apt,1.0,3.0,1.0,Real Bed
318,467980,104,Private room,1.0,1.0,1.0,Real Bed
319,468497,165,Entire home/apt,2.0,4.0,1.0,Real Bed
320,474340,72,Entire home/apt,1.0,1.0,1.0,Real Bed
321,475083,210,Entire home/apt,2.0,2.0,1.0,Real Bed
322,478385,100,Entire home/apt,1.0,1.0,1.0,Real Bed
323,479325,125,Private room,1.0,1.0,1.0,Real Bed
324,481080,98,Entire home/apt,2.0,2.0,1.0,Real Bed
325,485930,115,Entire home/apt,1.0,1.0,1.0,Real Bed
326,488009,59,Private room,1.0,1.0,1.0,Real Bed
327,489364,69,Entire home/apt,1.0,3.0,,Real Bed
328,490564,105,Entire home/apt,2.0,2.0,1.0,Real Bed
329,492014,120,Entire home/apt,1.0,1.0,1.0,Real Bed
330,495238,168,Entire home/apt,1.0,1.0,1.0,Real Bed
331,506601,295,Entire home/apt,3.0,5.0,2.5,Real Bed
332,508579,85,Entire home/apt,1.0,1.0,1.0,Real Bed
333,508579,80,Entire home/apt,1.0,1.0,1.0,Real Bed
334,510526,75,Entire home/apt,2.0,2.0,1.0,Real Bed
335,510526,75,Private room,1.0,2.0,1.0,Real Bed
336,517215,179,Entire home/apt,4.0,4.0,2.0,Real Bed
337,517215,135,Entire home/apt,1.0,3.0,1.0,Real Bed
338,517215,99,Entire home/apt,2.0,2.0,1.0,Real Bed
339,517215,129,Entire home/apt,1.0,1.0,1.0,Real Bed
340,517215,150,Entire home/apt,1.0,1.0,1.0,Real Bed
341,517215,140,Entire home/apt,1.0,1.0,1.0,Real Bed
342,517215,185,Entire home/apt,1.0,1.0,1.0,Real Bed
343,517215,120,Entire home/apt,0.0,1.0,1.0,Real Bed
344,517541,125,Entire home/apt,1.0,1.0,1.0,Real Bed
345,517653,89,Entire home/apt,1.0,1.0,1.0,Real Bed
346,521204,120,Entire home/apt,1.0,1.0,1.0,Real Bed
347,529312,120,Entire home/apt,1.0,2.0,1.0,Real Bed
348,440034,190,Entire home/apt,3.0,4.0,,Real Bed
349,529312,100,Entire home/apt,1.0,2.0,1.0,Real Bed
350,531200,135,Private room,1.0,2.0,1.0,Real Bed
351,532520,85,Entire home/apt,2.0,2.0,1.0,Real Bed
352,534206,190,Entire home/apt,2.0,3.0,1.0,Real Bed
353,534206,150,Entire home/apt,2.0,3.0,1.0,Real Bed
354,534588,290,Entire home/apt,2.0,2.0,1.5,Real Bed
355,534652,95,Entire home/apt,1.0,1.0,1.0,Real Bed
356,538659,90,Private room,1.0,1.0,1.0,Real Bed
357,538659,79,Private room,1.0,1.0,1.0,Real Bed
358,538659,79,Private room,1.0,1.0,1.0,Real Bed
359,538659,125,Entire home/apt,0.0,1.0,1.0,Real Bed
360,538768,70,Private room,1.0,1.0,1.0,Futon
361,539840,69,Entire home/apt,1.0,2.0,1.0,Real Bed
362,542540,80,Entire home/apt,1.0,1.0,1.0,Real Bed
363,546454,108,Entire home/apt,1.0,1.0,1.0,Real Bed
364,551868,195,Entire home/apt,1.0,1.0,1.0,Real Bed
365,556149,140,Entire home/apt,2.0,4.0,1.0,Real Bed
366,556392,65,Private room,1.0,1.0,1.0,Real Bed
367,556616,92,Private room,1.0,1.0,1.5,Real Bed
368,556616,92,Private room,1.0,1.0,1.5,Real Bed
369,558915,110,Entire home/apt,1.0,1.0,1.0,Real Bed
370,558976,100,Entire home/apt,1.0,2.0,1.0,Real Bed
371,562467,90,Private room,1.0,1.0,1.0,Real Bed
372,562467,90,Private room,1.0,1.0,1.0,Real Bed
373,562467,80,Private room,1.0,1.0,1.0,Real Bed
374,562467,85,Private room,1.0,1.0,1.0,Real Bed
375,565211,180,Entire home/apt,2.0,3.0,1.0,Real Bed
376,569802,60,Private room,1.0,1.0,1.5,Real Bed
377,571678,85,Entire home/apt,1.0,1.0,1.0,Real Bed
378,575095,95,Entire home/apt,2.0,2.0,1.0,Real Bed
379,586915,119,Entire home/apt,1.0,1.0,1.0,Real Bed
380,587259,125,Entire home/apt,1.0,1.0,1.0,Real Bed
381,589344,140,Entire home/apt,2.0,3.0,1.0,Real Bed
382,596513,59,Entire home/apt,1.0,1.0,1.0,Real Bed
383,600788,85,Entire home/apt,1.0,2.0,1.0,Real Bed
384,601183,200,Entire home/apt,1.0,2.0,1.0,Real Bed
385,602538,50,Private room,1.0,2.0,1.0,Real Bed
386,602963,100,Entire home/apt,2.0,2.0,1.0,Real Bed
387,607597,89,Entire home/apt,1.0,2.0,1.0,Real Bed
388,612967,79,Entire home/apt,0.0,1.0,1.0,Real Bed
389,613876,150,Entire home/apt,1.0,1.0,1.0,Real Bed
390,615517,55,Private room,1.0,1.0,1.0,Real Bed
391,617203,58,Private room,1.0,1.0,1.0,Real Bed
392,618589,85,Entire home/apt,0.0,2.0,1.0,Couch
393,619612,70,Private room,1.0,1.0,1.0,Real Bed
394,621555,90,Entire home/apt,1.0,2.0,1.0,Real Bed
395,621658,125,Entire home/apt,1.0,1.0,1.0,Real Bed
396,623749,79,Entire home/apt,1.0,1.0,1.0,Real Bed
397,630282,168,Entire home/apt,3.0,4.0,1.5,Real Bed
398,631538,175,Entire home/apt,1.0,4.0,1.0,Real Bed
399,636739,180,Entire home/apt,2.0,4.0,1.0,Real Bed
400,641067,110,Entire home/apt,1.0,1.0,1.0,Real Bed
401,646005,74,Entire home/apt,1.0,1.0,1.0,Real Bed
402,647634,120,Entire home/apt,2.0,2.0,1.0,Real Bed
403,647634,44,Private room,1.0,1.0,1.0,Real Bed
404,652744,119,Entire home/apt,1.0,1.0,1.0,Real Bed
405,652806,180,Entire home/apt,2.0,4.0,1.0,Real Bed
406,652822,100,Entire home/apt,1.0,1.0,1.0,Real Bed
407,659620,196,Entire home/apt,2.0,2.0,1.5,Real Bed
408,662317,250,Entire home/apt,2.0,2.0,1.0,Real Bed
409,665491,119,Entire home/apt,2.0,2.0,1.0,Real Bed
410,666321,95,Entire home/apt,2.0,1.0,,Real Bed
411,669137,99,Entire home/apt,1.0,1.0,1.0,Real Bed
412,669178,189,Entire home/apt,3.0,6.0,1.5,Real Bed
413,669178,249,Entire home/apt,2.0,6.0,1.0,Real Bed
414,669178,249,Entire home/apt,2.0,6.0,1.0,Real Bed
415,669178,189,Entire home/apt,3.0,4.0,2.0,Real Bed
416,669178,224,Entire home/apt,2.0,4.0,2.0,Real Bed
417,669178,224,Entire home/apt,2.0,4.0,1.0,Real Bed
418,669178,189,Entire home/apt,2.0,4.0,1.0,Real Bed
419,669178,174,Entire home/apt,2.0,2.0,1.0,Real Bed
420,669178,224,Entire home/apt,2.0,4.0,2.0,Real Bed
421,669178,189,Entire home/apt,2.0,4.0,1.0,Real Bed
422,669178,224,Entire home/apt,2.0,4.0,2.0,Real Bed
423,669178,189,Entire home/apt,2.0,2.0,2.0,Real Bed
424,669178,119,Entire home/apt,1.0,2.0,1.0,Real Bed
425,669178,119,Entire home/apt,1.0,2.0,1.0,Real Bed
426,669178,116,Entire home/apt,1.0,1.0,1.0,Real Bed
427,669178,116,Entire home/apt,1.0,1.0,1.0,Real Bed
428,670266,230,Entire home/apt,3.0,3.0,2.5,Real Bed
429,671079,19,Shared room,1.0,1.0,0.5,Real Bed
430,673698,150,Entire home/apt,2.0,2.0,1.0,Real Bed
431,673738,110,Entire home/apt,1.0,2.0,1.0,Real Bed
432,673879,49,Private room,1.0,1.0,1.0,Real Bed
433,679534,225,Entire home/apt,3.0,3.0,2.0,Real Bed
434,679940,139,Entire home/apt,1.0,2.0,1.0,Real Bed
435,680070,220,Entire home/apt,1.0,3.0,1.0,Real Bed
436,682801,375,Entire home/apt,2.0,4.0,2.0,Real Bed
437,685545,169,Entire home/apt,1.0,1.0,1.0,Real Bed
438,692831,100,Entire home/apt,2.0,2.0,1.0,Real Bed
439,692905,60,Entire home/apt,2.0,2.0,1.0,Real Bed
440,693375,120,Private room,1.0,1.0,1.0,Pull-out Sofa
441,693375,50,Entire home/apt,1.0,1.0,1.0,Real Bed
442,704269,140,Entire home/apt,2.0,2.0,1.0,Real Bed
443,704550,119,Private room,1.0,1.0,1.0,Real Bed
444,705264,145,Entire home/apt,2.0,4.0,1.0,Real Bed
445,705264,145,Entire home/apt,2.0,4.0,1.0,Real Bed
446,708138,140,Entire home/apt,1.0,2.0,1.0,Real Bed
447,711884,130,Entire home/apt,1.0,2.0,1.0,Real Bed
448,715029,100,Private room,1.0,1.0,1.0,Real Bed
449,715168,195,Private room,1.0,1.0,1.0,Real Bed
450,715279,135,Entire home/apt,1.0,1.0,1.0,Real Bed
451,721345,250,Entire home/apt,2.0,5.0,2.5,Real Bed
452,666321,95,Entire home/apt,2.0,1.0,,Real Bed
453,721345,160,Entire home/apt,2.0,4.0,1.0,Real Bed
454,722128,170,Entire home/apt,2.0,2.0,1.0,Real Bed
455,725727,129,Entire home/apt,1.0,2.0,1.0,Real Bed
456,725943,60,Entire home/apt,2.0,2.0,1.0,Real Bed
457,728160,175,Entire home/apt,5.0,5.0,1.0,Real Bed
458,728514,125,Entire home/apt,1.0,1.0,1.0,Real Bed
459,732783,99,Entire home/apt,2.0,2.0,1.0,Real Bed
460,732783,49,Entire home/apt,0.0,1.0,1.0,Real Bed
461,732783,49,Entire home/apt,0.0,1.0,1.0,Real Bed
462,732852,120,Entire home/apt,1.0,1.0,1.0,Real Bed
463,736092,110,Entire home/apt,1.0,1.0,1.0,Real Bed
464,739084,95,Entire home/apt,2.0,2.0,2.0,Real Bed
465,746739,250,Entire home/apt,2.0,2.0,1.0,Real Bed
466,749611,59,Entire home/apt,1.0,1.0,1.0,Real Bed
467,750439,85,Entire home/apt,1.0,1.0,,Real Bed
468,753530,595,Entire home/apt,10.0,1.0,4.0,Real Bed
469,756526,90,Entire home/apt,1.0,1.0,1.0,Real Bed
470,757998,500,Entire home/apt,3.0,3.0,1.0,Real Bed
471,758989,145,Entire home/apt,2.0,2.0,0.0,Real Bed
472,766408,135,Entire home/apt,2.0,2.0,1.0,Real Bed
473,768308,119,Entire home/apt,2.0,1.0,1.0,Real Bed
474,775075,100,Entire home/apt,1.0,1.0,1.0,Real Bed
475,775898,119,Entire home/apt,2.0,4.0,1.0,Real Bed
476,776296,115,Entire home/apt,1.0,2.0,1.0,Real Bed
477,776997,90,Entire home/apt,1.0,2.0,1.0,Real Bed
478,788073,60,Entire home/apt,2.0,3.0,1.0,Real Bed
479,788073,85,Entire home/apt,1.0,4.0,1.0,Real Bed
480,788073,90,Private room,1.0,2.0,1.0,Real Bed
481,790547,64,Shared room,1.0,3.0,1.0,Real Bed
482,791483,127,Entire home/apt,1.0,2.0,1.0,Real Bed
483,792839,70,Entire home/apt,1.0,2.0,1.0,Real Bed
484,793133,104,Entire home/apt,1.0,1.0,1.0,Real Bed
485,796384,125,Entire home/apt,1.0,1.0,1.0,Real Bed
486,797802,125,Entire home/apt,2.0,2.0,1.0,Real Bed
487,798559,89,Entire home/apt,1.0,1.0,1.5,Real Bed
488,805655,100,Entire home/apt,3.0,6.0,1.0,Real Bed
489,805655,100,Private room,1.0,2.0,1.0,Real Bed
490,805655,120,Private room,1.0,2.0,1.0,Real Bed
491,806976,124,Entire home/apt,1.0,1.0,1.0,Real Bed
492,806989,54,Private room,1.0,1.0,1.0,Real Bed
493,808128,160,Entire home/apt,2.0,2.0,1.0,Real Bed
494,809767,77,Entire home/apt,1.0,1.0,1.0,Real Bed
495,811403,125,Entire home/apt,1.0,1.0,1.5,Real Bed
496,815989,85,Entire home/apt,2.0,3.0,,Real Bed
497,818479,74,Entire home/apt,1.0,1.0,1.0,Real Bed
498,822722,100,Entire home/apt,1.0,1.0,1.0,Real Bed
499,825869,95,Entire home/apt,1.0,1.0,1.0,Real Bed
500,827351,350,Entire home/apt,3.0,6.0,2.0,Real Bed
501,827351,395,Entire home/apt,3.0,6.0,1.0,Real Bed
502,827351,325,Entire home/apt,2.0,2.0,1.0,Real Bed
503,827351,199,Entire home/apt,2.0,2.0,1.0,Real Bed
504,827351,375,Entire home/apt,2.0,2.0,1.0,Real Bed
505,827351,179,Entire home/apt,1.0,1.0,1.0,Real Bed
506,827351,149,Entire home/apt,1.0,2.0,1.0,Real Bed
507,827351,249,Entire home/apt,1.0,2.0,1.0,Real Bed
508,827351,169,Entire home/apt,1.0,1.0,1.0,Real Bed
509,827351,159,Entire home/apt,1.0,2.0,1.0,Real Bed
510,827351,149,Entire home/apt,0.0,1.0,1.0,Real Bed
511,829303,140,Entire home/apt,2.0,2.0,1.0,Real Bed
512,829303,100,Private room,1.0,1.0,1.0,Real Bed
513,829781,85,Entire home/apt,1.0,1.0,1.0,Real Bed
514,834139,70,Entire home/apt,3.0,3.0,2.0,Real Bed
515,834139,70,Entire home/apt,1.0,1.0,1.0,Real Bed
516,837545,120,Entire home/apt,2.0,2.0,2.0,Real Bed
517,838782,89,Entire home/apt,2.0,2.0,1.0,Real Bed
518,838836,115,Entire home/apt,1.0,1.0,1.0,Real Bed
519,843094,99,Entire home/apt,1.0,1.0,1.0,Real Bed
520,843138,129,Entire home/apt,2.0,2.0,1.0,Real Bed
521,843991,150,Private room,1.0,,,Real Bed
522,843991,130,Private room,1.0,1.0,1.0,Real Bed
523,845387,55,Private room,1.0,1.0,1.0,Real Bed
524,845387,90,Entire home/apt,1.0,1.0,1.0,Real Bed
525,852299,99,Entire home/apt,1.0,1.0,1.0,Real Bed
526,856522,99,Entire home/apt,1.0,1.0,1.0,Real Bed
527,856540,245,Entire home/apt,2.0,4.0,1.0,Real Bed
528,860335,130,Entire home/apt,2.0,2.0,1.0,Real Bed
529,860750,59,Entire home/apt,1.0,2.0,1.0,Real Bed
530,863929,94,Entire home/apt,1.0,1.0,1.0,Real Bed
531,864375,150,Entire home/apt,1.0,1.0,1.0,Real Bed
532,864444,225,Entire home/apt,4.0,4.0,1.0,Real Bed
533,864883,130,Entire home/apt,3.0,1.0,1.0,Real Bed
534,867565,185,Entire home/apt,1.0,1.0,1.0,Real Bed
535,870437,90,Entire home/apt,1.0,1.0,1.0,Real Bed
536,871427,97,Entire home/apt,1.0,1.0,1.0,Real Bed
537,874863,60,Private room,1.0,1.0,1.0,Real Bed
538,880087,119,Private room,1.0,2.0,1.0,Real Bed
539,883996,195,Entire home/apt,2.0,4.0,1.0,Real Bed
540,887792,95,Entire home/apt,1.0,1.0,1.5,Real Bed
541,888292,195,Entire home/apt,4.0,5.0,1.0,Real Bed
542,892550,129,Entire home/apt,2.0,2.0,1.0,Real Bed
543,895838,130,Entire home/apt,1.0,1.0,1.0,Real Bed
544,897828,175,Entire home/apt,1.0,1.0,1.0,Real Bed
545,898904,95,Entire home/apt,1.0,1.0,1.0,Real Bed
546,907405,40,Private room,1.0,1.0,1.0,Real Bed
547,909523,190,Entire home/apt,2.0,6.0,1.0,Real Bed
548,913437,425,Entire home/apt,2.0,4.0,1.5,Real Bed
549,915591,140,Entire home/apt,1.0,4.0,1.0,Real Bed
550,920732,90,Entire home/apt,1.0,2.0,,Real Bed
551,922621,135,Entire home/apt,2.0,2.0,1.0,Real Bed
552,922787,100,Entire home/apt,2.0,2.0,1.0,Real Bed
553,923690,95,Entire home/apt,1.0,1.0,1.5,Real Bed
554,925309,150,Entire home/apt,2.0,2.0,1.5,Real Bed
555,926109,65,Private room,1.0,1.0,1.5,Real Bed
556,932290,139,Entire home/apt,2.0,3.0,1.0,Real Bed
557,935723,85,Entire home/apt,2.0,4.0,2.0,Real Bed
558,935723,75,Entire home/apt,1.0,4.0,1.5,Real Bed
559,935723,65,Entire home/apt,1.0,2.0,0.5,Real Bed
560,935723,69,Entire home/apt,1.0,2.0,1.0,Real Bed
561,935742,80,Entire home/apt,1.0,1.0,1.0,Real Bed
562,938222,120,Entire home/apt,2.0,3.0,1.0,Real Bed
563,938222,100,Entire home/apt,2.0,3.0,1.0,Real Bed
564,939224,110,Entire home/apt,1.0,1.0,1.0,Real Bed
565,940879,100,Entire home/apt,1.0,1.0,1.0,Real Bed
566,942301,150,Entire home/apt,1.0,1.0,1.5,Real Bed
567,945998,85,Entire home/apt,1.0,1.0,1.0,Real Bed
568,948918,59,Private room,1.0,1.0,,Real Bed
569,949874,119,Entire home/apt,1.0,1.0,1.0,Real Bed
570,957213,90,Entire home/apt,1.0,1.0,1.0,Real Bed
571,965667,425,Entire home/apt,4.0,6.0,3.0,Real Bed
572,965667,240,Entire home/apt,2.0,3.0,2.0,Real Bed
573,965667,230,Entire home/apt,2.0,3.0,2.0,Real Bed
574,965667,210,Entire home/apt,2.0,3.0,1.0,Real Bed
575,965667,200,Entire home/apt,2.0,4.0,2.0,Real Bed
576,967796,100,Entire home/apt,1.0,1.0,1.0,Real Bed
577,970402,95,Entire home/apt,1.0,2.0,1.0,Real Bed
578,976652,99,Entire home/apt,1.0,2.0,1.0,Real Bed
579,976980,150,Entire home/apt,1.0,1.0,1.0,Real Bed
580,989159,118,Entire home/apt,1.0,2.0,1.0,Real Bed
581,989592,120,Entire home/apt,2.0,2.0,1.0,Real Bed
582,995158,199,Entire home/apt,2.0,4.0,1.5,Real Bed
583,995697,240,Entire home/apt,2.0,1.0,1.0,Real Bed
584,999036,199,Entire home/apt,3.0,6.0,1.5,Real Bed
585,999457,98,Entire home/apt,1.0,2.0,1.0,Real Bed
586,1000518,85,Private room,1.0,1.0,1.0,Real Bed
587,1003796,35,Private room,1.0,1.0,1.0,Real Bed
588,1003796,35,Private room,1.0,1.0,,Real Bed
589,1005087,299,Entire home/apt,3.0,6.0,1.0,Real Bed
590,1005087,359,Entire home/apt,3.0,6.0,1.5,Real Bed
591,1005087,229,Entire home/apt,1.0,6.0,1.0,Real Bed
592,1005415,87,Entire home/apt,1.0,1.0,1.0,Real Bed
593,1008875,125,Entire home/apt,1.0,1.0,1.0,Real Bed
594,1014320,99,Entire home/apt,1.0,1.0,1.0,Real Bed
595,1015444,75,Entire home/apt,2.0,2.0,1.0,Real Bed
596,1016298,135,Entire home/apt,2.0,3.0,1.0,Real Bed
597,1022679,120,Entire home/apt,1.0,1.0,1.0,Real Bed
598,1024817,100,Entire home/apt,1.0,1.0,1.0,Real Bed
599,1029506,135,Entire home/apt,3.0,4.0,1.0,Real Bed
600,1029506,75,Private room,1.0,1.0,1.0,Real Bed
601,1030587,125,Entire home/apt,1.0,2.0,1.0,Real Bed
602,1033438,69,Entire home/apt,1.0,2.0,1.0,Real Bed
603,1090600,50,Private room,1.0,3.0,1.0,Real Bed
604,1091971,80,Entire home/apt,1.0,1.0,1.0,Real Bed
605,1092788,75,Entire home/apt,1.0,1.0,1.0,Real Bed
606,1107389,79,Private room,1.0,2.0,1.0,Real Bed
607,1107727,295,Entire home/apt,4.0,8.0,2.0,Real Bed
608,1107727,78,Private room,1.0,2.0,1.0,Real Bed
609,1109692,99,Entire home/apt,1.0,1.0,1.0,Real Bed
610,1118440,59,Private room,1.0,1.0,1.0,Real Bed
611,1118702,180,Entire home/apt,2.0,2.0,1.0,Real Bed
612,1120868,85,Entire home/apt,1.0,1.0,1.0,Real Bed
613,1124563,99,Entire home/apt,1.0,1.0,1.0,Real Bed
614,1125467,99,Entire home/apt,1.0,1.0,1.0,Real Bed
615,1135329,550,Entire home/apt,2.0,2.0,1.0,Real Bed
616,1135329,327,Entire home/apt,1.0,1.0,,Real Bed
617,1135786,125,Entire home/apt,3.0,5.0,1.5,Real Bed
618,1141485,85,Private room,1.0,1.0,,Real Bed
619,1143187,295,Entire home/apt,2.0,2.0,1.0,Real Bed
620,1150862,98,Entire home/apt,1.0,1.0,1.0,Real Bed
621,1150890,90,Entire home/apt,0.0,1.0,1.0,Real Bed
622,1151074,78,Entire home/apt,1.0,1.0,1.0,Real Bed
623,1151745,150,Entire home/apt,2.0,3.0,1.0,Real Bed
624,1155595,125,Entire home/apt,2.0,3.0,1.0,Real Bed
625,1155851,110,Entire home/apt,2.0,4.0,1.0,Real Bed
626,1158389,90,Entire home/apt,1.0,1.0,1.0,Real Bed
627,1162814,110,Entire home/apt,1.0,1.0,1.0,Real Bed
628,1164310,95,Entire home/apt,1.0,2.0,1.5,Real Bed
629,1170890,70,Private room,1.0,1.0,1.0,Real Bed
630,1170898,250,Entire home/apt,2.0,2.0,1.0,Real Bed
631,1171209,160,Entire home/apt,2.0,3.0,1.0,Real Bed
632,1174266,149,Entire home/apt,1.0,1.0,1.0,Real Bed
633,1175330,109,Entire home/apt,3.0,3.0,1.0,Real Bed
634,1175330,89,Private room,1.0,3.0,1.0,Real Bed
635,1176129,135,Entire home/apt,2.0,2.0,1.5,Real Bed
636,1176934,125,Entire home/apt,2.0,2.0,1.0,Real Bed
637,1178877,135,Entire home/apt,1.0,3.0,1.0,Real Bed
638,1179621,399,Entire home/apt,4.0,4.0,2.0,Real Bed
639,1189015,100,Entire home/apt,1.0,1.0,1.0,Real Bed
640,1193515,87,Entire home/apt,2.0,2.0,1.0,Real Bed
641,1199796,99,Entire home/apt,1.0,2.0,1.0,Real Bed
642,1200117,119,Entire home/apt,2.0,2.0,1.0,Real Bed
643,1201101,90,Entire home/apt,1.0,1.0,1.0,Real Bed
644,1202899,109,Entire home/apt,0.0,1.0,1.0,Real Bed
645,1210580,65,Private room,1.0,2.0,1.0,Real Bed
646,1210580,80,Private room,1.0,1.0,1.0,Real Bed
647,1210580,55,Private room,1.0,2.0,1.0,Real Bed
648,1211966,100,Entire home/apt,1.0,1.0,1.0,Real Bed
649,1217378,60,Entire home/apt,1.0,1.0,1.0,Real Bed
650,1218273,150,Entire home/apt,2.0,4.0,0.0,Real Bed
651,1218273,150,Entire home/apt,2.0,4.0,1.0,Real Bed
652,1221263,109,Entire home/apt,1.0,1.0,1.0,Real Bed
653,1221398,38,Private room,1.0,1.0,1.5,Real Bed
654,1222312,135,Entire home/apt,1.0,1.0,1.0,Real Bed
655,1223927,85,Entire home/apt,1.0,1.0,1.0,Real Bed
656,1228646,85,Entire home/apt,2.0,2.0,1.0,Real Bed
657,1230422,220,Entire home/apt,2.0,2.0,1.0,Real Bed
658,1230422,120,Private room,1.0,1.0,1.0,Real Bed
659,1232538,89,Entire home/apt,1.0,2.0,1.0,Real Bed
660,1232843,79,Entire home/apt,1.0,1.0,0.5,Real Bed
661,1232843,79,Private room,1.0,1.0,1.0,Pull-out Sofa
662,1233441,100,Entire home/apt,2.0,2.0,1.0,Real Bed
663,1233441,40,Private room,1.0,1.0,1.0,Real Bed
664,1238074,175,Entire home/apt,1.0,1.0,1.5,Real Bed
665,1240786,70,Private room,1.0,1.0,1.0,Real Bed
666,1242960,300,Entire home/apt,2.0,4.0,1.0,Real Bed
667,1242960,220,Entire home/apt,2.0,2.0,1.0,Real Bed
668,1242960,220,Entire home/apt,2.0,2.0,1.0,Real Bed
669,1242960,200,Private room,1.0,2.0,1.0,Real Bed
670,1242960,220,Private room,1.0,2.0,1.0,Real Bed
671,1242960,220,Private room,1.0,2.0,1.0,Real Bed
672,1249776,122,Entire home/apt,1.0,1.0,1.0,Real Bed
673,1252546,95,Entire home/apt,2.0,3.0,1.0,Real Bed
674,1254543,140,Entire home/apt,1.0,2.0,1.0,Real Bed
675,1256454,120,Entire home/apt,2.0,2.0,1.0,Real Bed
676,1263745,190,Entire home/apt,1.0,2.0,1.5,Real Bed
677,1263745,190,Entire home/apt,1.0,2.0,1.5,Real Bed
678,1263745,190,Entire home/apt,1.0,2.0,1.5,Real Bed
679,1263745,210,Entire home/apt,1.0,1.0,1.5,Real Bed
680,1263981,90,Entire home/apt,1.0,2.0,1.0,Real Bed
681,1266717,35,Entire home/apt,7.0,16.0,3.0,Real Bed
682,1266717,129,Entire home/apt,2.0,6.0,1.5,Real Bed
683,1266717,325,Entire home/apt,3.0,3.0,2.0,Real Bed
684,1266717,89,Entire home/apt,2.0,4.0,1.0,Real Bed
685,1266717,99,Entire home/apt,2.0,3.0,1.0,Real Bed
686,1266717,209,Entire home/apt,2.0,4.0,1.5,Real Bed
687,1266717,159,Entire home/apt,2.0,2.0,1.0,Real Bed
688,1266717,79,Entire home/apt,2.0,4.0,1.0,Real Bed
689,1266717,67,Entire home/apt,2.0,3.0,1.0,Real Bed
690,1266717,260,Entire home/apt,2.0,2.0,1.0,Real Bed
691,1266717,119,Entire home/apt,2.0,2.0,1.0,Real Bed
692,1266717,149,Entire home/apt,2.0,3.0,1.0,Real Bed
693,1266717,99,Entire home/apt,2.0,3.0,1.0,Real Bed
694,1266717,89,Entire home/apt,1.0,2.0,1.0,Real Bed
695,1266717,129,Entire home/apt,1.0,2.0,1.0,Real Bed
696,1266717,79,Entire home/apt,1.0,2.0,1.0,Real Bed
697,1266717,99,Entire home/apt,1.0,2.0,1.0,Real Bed
698,1266717,119,Entire home/apt,1.0,2.0,1.0,Real Bed
699,1266717,109,Entire home/apt,1.0,2.0,1.0,Real Bed
700,1266717,104,Entire home/apt,1.0,2.0,1.0,Real Bed
701,1266717,94,Entire home/apt,1.0,2.0,1.0,Real Bed
702,1266717,110,Entire home/apt,1.0,1.0,1.0,Real Bed
703,1266717,99,Entire home/apt,1.0,1.0,1.0,Real Bed
704,1266717,109,Entire home/apt,1.0,1.0,1.0,Real Bed
705,1266717,119,Entire home/apt,1.0,1.0,1.0,Real Bed
706,1266717,139,Entire home/apt,1.0,1.0,1.0,Real Bed
707,1266717,99,Entire home/apt,1.0,1.0,1.5,Real Bed
708,1266717,129,Entire home/apt,1.0,1.0,1.0,Real Bed
709,1266717,144,Entire home/apt,1.0,1.0,1.0,Real Bed
710,1266717,99,Entire home/apt,1.0,1.0,1.0,Real Bed
711,1266717,70,Entire home/apt,1.0,1.0,1.0,Real Bed
712,1266717,94,Entire home/apt,1.0,1.0,1.0,Real Bed
713,1266717,99,Entire home/apt,0.0,1.0,1.0,Real Bed
714,1266717,79,Entire home/apt,0.0,2.0,1.0,Real Bed
715,1268116,79,Entire home/apt,2.0,2.0,1.0,Real Bed
716,1271678,44,Private room,1.0,2.0,1.0,Real Bed
717,1273246,139,Entire home/apt,2.0,1.0,1.0,Real Bed
718,1273501,115,Entire home/apt,1.0,1.0,1.0,Real Bed
719,1276440,150,Entire home/apt,2.0,2.0,1.0,Real Bed
720,1280289,100,Entire home/apt,1.0,1.0,1.0,Real Bed
721,1285188,75,Entire home/apt,1.0,1.0,1.0,Real Bed
722,1287601,90,Entire home/apt,1.0,1.0,1.0,Real Bed
723,1292888,200,Entire home/apt,2.0,1.0,1.0,Real Bed
724,1294098,230,Entire home/apt,2.0,4.0,2.0,Real Bed
725,1294098,204,Entire home/apt,2.0,4.0,1.0,Real Bed
726,1294098,144,Entire home/apt,1.0,2.0,1.0,Real Bed
727,1298735,99,Entire home/apt,1.0,1.0,1.0,Real Bed
728,1301956,48,Private room,1.0,3.0,1.0,Real Bed
729,1301956,48,Private room,1.0,1.0,1.0,Real Bed
730,1303153,225,Entire home/apt,4.0,6.0,1.5,Real Bed
731,1305208,55,Private room,1.0,1.0,0.5,Real Bed
732,1305559,65,Private room,1.0,2.0,1.0,Real Bed
733,1305559,50,Private room,1.0,2.0,1.0,Real Bed
734,1305699,92,Entire home/apt,1.0,1.0,1.0,Real Bed
735,1311217,49,Private room,1.0,1.0,1.0,Real Bed
736,1313610,84,Private room,1.0,1.0,1.5,Real Bed
737,1313610,78,Private room,1.0,1.0,1.5,Real Bed
738,1314459,100,Entire home/apt,2.0,4.0,,Real Bed
739,1314658,70,Entire home/apt,1.0,1.0,1.0,Real Bed
740,1316932,185,Entire home/apt,1.0,1.0,1.0,Real Bed
741,1317004,85,Entire home/apt,1.0,1.0,1.0,Real Bed
742,1319932,275,Entire home/apt,2.0,5.0,1.0,Real Bed
743,1322517,125,Entire home/apt,2.0,2.0,1.0,Real Bed
744,1324659,100,Entire home/apt,2.0,2.0,1.0,Real Bed
745,1325019,90,Entire home/apt,1.0,1.0,1.0,Real Bed
746,1325697,250,Entire home/apt,2.0,2.0,2.5,Real Bed
747,1326878,80,Entire home/apt,1.0,1.0,1.0,Real Bed
748,1329090,240,Entire home/apt,1.0,1.0,1.0,Real Bed
749,1329090,145,Entire home/apt,1.0,1.0,1.0,Real Bed
750,1334704,145,Private room,1.0,1.0,1.0,Real Bed
751,1336633,110,Entire home/apt,1.0,1.0,1.0,Futon
752,1337537,130,Entire home/apt,1.0,1.0,1.0,Real Bed
753,1339574,100,Private room,1.0,3.0,1.0,Real Bed
754,1340998,128,Private room,1.0,1.0,3.5,Real Bed
755,1340998,148,Private room,1.0,1.0,1.0,Real Bed
756,1343018,80,Private room,1.0,1.0,1.0,Pull-out Sofa
757,1344474,60,Private room,1.0,2.0,1.0,Real Bed
758,1344474,40,Private room,1.0,1.0,1.0,Real Bed
759,1344947,116,Private room,1.0,1.0,1.0,Real Bed
760,1345370,145,Entire home/apt,2.0,2.0,1.0,Real Bed
761,1345370,100,Entire home/apt,2.0,2.0,1.0,Real Bed
762,1345370,85,Private room,1.0,2.0,1.0,Real Bed
763,1345947,189,Entire home/apt,2.0,2.0,1.0,Real Bed
764,1347048,210,Entire home/apt,3.0,4.0,2.5,Real Bed
765,1347783,220,Entire home/apt,2.0,3.0,1.5,Real Bed
766,1348274,68,Entire home/apt,1.0,1.0,1.0,Real Bed
767,1351450,55,Entire home/apt,1.0,1.0,1.0,Real Bed
768,1351578,399,Entire home/apt,1.0,1.0,1.5,Real Bed
769,1352571,69,Entire home/apt,1.0,1.0,1.0,Real Bed
770,1357419,280,Entire home/apt,1.0,8.0,1.0,Real Bed
771,1358222,90,Entire home/apt,1.0,1.0,1.5,Real Bed
772,1359728,99,Entire home/apt,1.0,1.0,1.0,Real Bed
773,1362934,275,Entire home/apt,2.0,4.0,1.0,Real Bed
774,1365416,92,Entire home/apt,1.0,1.0,1.0,Real Bed
775,1365869,195,Entire home/apt,2.0,2.0,1.0,Real Bed
776,1372632,120,Entire home/apt,1.0,1.0,1.0,Real Bed
777,1376607,79,Entire home/apt,1.0,1.0,1.0,Real Bed
778,1376907,109,Entire home/apt,2.0,4.0,1.0,Real Bed
779,1382273,105,Private room,1.0,1.0,1.0,Real Bed
780,1383927,225,Entire home/apt,3.0,4.0,1.0,Real Bed
781,1384796,125,Entire home/apt,1.0,2.0,1.0,Real Bed
782,1385784,280,Entire home/apt,2.0,2.0,1.0,Real Bed
783,1387938,69,Entire home/apt,1.0,1.0,1.0,Real Bed
784,1387938,98,Entire home/apt,0.0,2.0,1.0,Real Bed
785,1400952,175,Entire home/apt,1.0,1.0,1.0,Real Bed
786,1401348,46,Private room,1.0,2.0,0.5,Real Bed
787,1406783,87,Entire home/apt,1.0,1.0,1.5,Real Bed
788,1408706,99,Private room,1.0,1.0,1.5,Real Bed
789,1411711,50,Entire home/apt,1.0,1.0,1.0,Real Bed
790,1415976,120,Entire home/apt,1.0,1.0,1.0,Real Bed
791,1416034,110,Private room,1.0,2.0,8.0,Real Bed
792,1416507,60,Entire home/apt,0.0,1.0,1.0,Futon
793,1416536,700,Entire home/apt,9.0,16.0,7.5,Real Bed
794,1417625,90,Entire home/apt,1.0,1.0,1.0,Real Bed
795,1417625,65,Private room,1.0,1.0,1.0,Real Bed
796,1421327,60,Private room,1.0,1.0,1.0,Real Bed
797,1421327,60,Private room,1.0,1.0,,Real Bed
798,1422043,135,Entire home/apt,2.0,2.0,1.0,Real Bed
799,1428095,100,Entire home/apt,0.0,1.0,1.0,Pull-out Sofa
800,1428376,120,Entire home/apt,1.0,1.0,0.5,Real Bed
801,1435514,200,Entire home/apt,2.0,2.0,1.0,Real Bed
802,1435990,79,Entire home/apt,1.0,1.0,1.0,Real Bed
803,1436134,150,Entire home/apt,2.0,2.0,1.0,Real Bed
804,1436773,153,Entire home/apt,1.0,1.0,1.0,Real Bed
805,1438959,100,Entire home/apt,1.0,,,Real Bed
806,1439356,85,Entire home/apt,1.0,2.0,1.0,Real Bed
807,1439356,80,Entire home/apt,1.0,2.0,1.0,Real Bed
808,1439626,125,Entire home/apt,1.0,1.0,1.0,Real Bed
809,1441239,210,Entire home/apt,2.0,3.0,2.0,Real Bed
810,1441239,210,Entire home/apt,2.0,2.0,2.0,Real Bed
811,1442073,102,Entire home/apt,2.0,3.0,1.0,Real Bed
812,1443609,85,Entire home/apt,1.0,1.0,1.0,Real Bed
813,1443641,159,Entire home/apt,1.0,1.0,1.0,Real Bed
814,1446675,95,Entire home/apt,1.0,1.0,1.0,Real Bed
815,1446698,70,Entire home/apt,1.0,1.0,1.0,Real Bed
816,1448980,89,Entire home/apt,1.0,1.0,1.0,Real Bed
817,1450069,125,Private room,1.0,1.0,1.0,Real Bed
818,1451657,250,Entire home/apt,5.0,14.0,1.5,Real Bed
819,1454274,85,Entire home/apt,1.0,1.0,1.0,Real Bed
820,1455158,120,Entire home/apt,1.0,1.0,1.0,Real Bed
821,1456611,73,Private room,1.0,1.0,1.0,Real Bed
822,1457642,195,Entire home/apt,1.0,4.0,1.0,Real Bed
823,1457642,190,Entire home/apt,1.0,2.0,1.0,Real Bed
824,1458620,249,Entire home/apt,2.0,2.0,1.0,Real Bed
825,1458717,87,Entire home/apt,1.0,2.0,1.0,Real Bed
826,1460429,99,Entire home/apt,1.0,1.0,1.0,Real Bed
827,1461836,80,Entire home/apt,1.0,1.0,1.0,Real Bed
828,1464510,169,Entire home/apt,3.0,2.0,1.0,Real Bed
829,1464510,199,Entire home/apt,3.0,3.0,1.0,Real Bed
830,1464510,139,Entire home/apt,2.0,2.0,1.0,Real Bed
831,1464510,129,Entire home/apt,2.0,2.0,2.0,Real Bed
832,1464510,99,Entire home/apt,2.0,2.0,1.0,Real Bed
833,1464510,149,Entire home/apt,2.0,2.0,1.0,Real Bed
834,1464510,99,Entire home/apt,2.0,2.0,1.0,Real Bed
835,1464510,85,Entire home/apt,2.0,2.0,1.0,Real Bed
836,1464510,199,Entire home/apt,2.0,2.0,1.0,Real Bed
837,1464510,129,Entire home/apt,2.0,2.0,1.0,Real Bed
838,1464510,99,Entire home/apt,2.0,3.0,1.0,Real Bed
839,1464510,99,Entire home/apt,1.0,2.0,1.0,Real Bed
840,1464510,109,Entire home/apt,1.0,1.0,1.0,Real Bed
841,1464510,89,Entire home/apt,1.0,2.0,1.0,Real Bed
842,1464510,119,Entire home/apt,1.0,1.0,1.0,Real Bed
843,1464510,119,Entire home/apt,1.0,2.0,1.0,Real Bed
844,1464510,119,Entire home/apt,1.0,2.0,1.0,Real Bed
845,1464510,129,Entire home/apt,1.0,2.0,1.0,Real Bed
846,1464510,119,Entire home/apt,1.0,2.0,1.0,Real Bed
847,1464510,129,Entire home/apt,2.0,1.0,1.0,Real Bed
848,1464510,99,Entire home/apt,1.0,2.0,1.0,Real Bed
849,1464510,109,Entire home/apt,1.0,1.0,1.0,Real Bed
850,1464510,109,Entire home/apt,1.0,1.0,1.0,Real Bed
851,1464510,119,Entire home/apt,1.0,1.0,1.0,Real Bed
852,1464510,129,Entire home/apt,1.0,1.0,1.5,Real Bed
853,1464510,149,Entire home/apt,1.0,1.0,1.0,Real Bed
854,1464969,80,Private room,1.0,1.0,1.0,Real Bed
855,1467056,249,Entire home/apt,2.0,2.0,1.0,Real Bed
856,1477075,250,Entire home/apt,2.0,6.0,2.0,Real Bed
857,1477248,200,Entire home/apt,2.0,4.0,1.0,Real Bed
858,1477248,200,Entire home/apt,2.0,4.0,1.0,Real Bed
859,1477248,210,Entire home/apt,2.0,4.0,1.0,Real Bed
860,1477248,200,Entire home/apt,2.0,1.0,1.0,Real Bed
861,1477248,180,Entire home/apt,2.0,4.0,1.0,Real Bed
862,1477248,210,Entire home/apt,2.0,2.0,2.0,Real Bed
863,1477248,130,Entire home/apt,2.0,4.0,1.0,Real Bed
864,1477248,160,Entire home/apt,2.0,2.0,1.0,Real Bed
865,1477248,200,Entire home/apt,2.0,4.0,1.0,Real Bed
866,1477248,180,Entire home/apt,2.0,3.0,2.0,Real Bed
867,1477248,100,Entire home/apt,1.0,1.0,1.0,Real Bed
868,1480817,109,Private room,1.0,1.0,1.0,Real Bed
869,1480817,109,Private room,1.0,1.0,1.0,Real Bed
870,1485821,200,Entire home/apt,1.0,1.0,1.0,Real Bed
871,1486411,250,Entire home/apt,2.0,2.0,2.0,Real Bed
872,1486411,100,Entire home/apt,2.0,2.0,1.0,Real Bed
873,1486411,90,Entire home/apt,2.0,2.0,1.0,Real Bed
874,1486411,80,Entire home/apt,2.0,2.0,1.0,Real Bed
875,1486411,85,Entire home/apt,1.0,2.0,1.0,Real Bed
876,1486411,170,Entire home/apt,1.0,1.0,1.0,Real Bed
877,1486411,90,Entire home/apt,1.0,2.0,1.0,Real Bed
878,1491222,75,Entire home/apt,1.0,4.0,0.5,Pull-out Sofa
879,1491426,165,Entire home/apt,3.0,3.0,1.0,Real Bed
880,1491565,108,Private room,1.0,1.0,1.0,Real Bed
881,1491565,108,Private room,1.0,1.0,1.0,Real Bed
882,1493604,75,Private room,1.0,1.0,1.0,Real Bed
883,1495967,85,Entire home/apt,1.0,1.0,1.0,Real Bed
884,1499996,115,Entire home/apt,1.0,1.0,1.0,Real Bed
885,1500608,50,Private room,1.0,1.0,1.0,Real Bed
886,1500608,40,Private room,1.0,1.0,1.0,Real Bed
887,1501059,110,Entire home/apt,2.0,2.0,1.0,Real Bed
888,1501422,30,Private room,1.0,3.0,1.0,Real Bed
889,1501819,90,Entire home/apt,1.0,1.0,1.0,Pull-out Sofa
890,1503351,150,Private room,1.0,1.0,1.0,Real Bed
891,1503659,70,Entire home/apt,1.0,2.0,1.0,Real Bed
892,1504247,79,Entire home/apt,2.0,2.0,1.0,Real Bed
893,1504489,59,Private room,1.0,2.0,0.5,Real Bed
894,1510035,120,Entire home/apt,0.0,1.0,1.0,Real Bed
895,1511330,70,Private room,1.0,1.0,,Real Bed
896,1521088,55,Private room,1.0,1.0,1.0,Real Bed
897,1526936,100,Entire home/apt,1.0,1.0,1.0,Real Bed
898,1527931,325,Entire home/apt,2.0,2.0,1.0,Real Bed
899,1527931,72,Private room,1.0,1.0,1.0,Real Bed
900,1528413,100,Entire home/apt,2.0,2.0,1.0,Real Bed
901,1532319,123,Entire home/apt,1.0,1.0,1.0,Real Bed
902,1534108,170,Entire home/apt,1.0,2.0,1.0,Real Bed
903,1535536,120,Entire home/apt,1.0,1.0,1.0,Real Bed
904,1535536,120,Entire home/apt,1.0,1.0,1.0,Real Bed
905,1535537,90,Entire home/apt,1.0,2.0,1.0,Real Bed
906,1541652,85,Private room,1.0,1.0,,Real Bed
907,1541652,100,Entire home/apt,1.0,1.0,1.0,Real Bed
908,1542832,67,Entire home/apt,1.0,2.0,1.0,Real Bed
909,1544456,250,Entire home/apt,2.0,5.0,1.0,Real Bed
910,1545992,35,Private room,1.0,1.0,0.0,Real Bed
911,1545992,45,Private room,1.0,1.0,,Real Bed
912,1550321,125,Entire home/apt,1.0,2.0,1.0,Real Bed
913,1552059,115,Entire home/apt,2.0,4.0,1.0,Real Bed
914,1552059,45,Entire home/apt,1.0,1.0,1.0,Real Bed
915,1553942,299,Entire home/apt,2.0,3.0,1.0,Real Bed
916,1557835,160,Entire home/apt,1.0,1.0,1.0,Real Bed
917,1557835,150,Entire home/apt,1.0,1.0,1.0,Real Bed
918,1558220,90,Entire home/apt,1.0,1.0,1.0,Real Bed
919,1565512,200,Entire home/apt,1.0,1.0,1.0,Real Bed
920,1570754,85,Private room,1.0,2.0,1.5,Real Bed
921,1573009,139,Entire home/apt,1.0,4.0,1.0,Real Bed
922,1573012,180,Entire home/apt,1.0,1.0,1.0,Real Bed
923,1573311,200,Entire home/apt,2.0,1.0,1.0,Real Bed
924,1579240,175,Entire home/apt,1.0,1.0,1.0,Real Bed
925,1582009,140,Entire home/apt,2.0,2.0,1.5,Real Bed
926,1582128,300,Entire home/apt,10.0,16.0,2.0,Real Bed
927,1582128,400,Entire home/apt,10.0,16.0,2.0,Real Bed
928,1582527,90,Entire home/apt,1.0,1.0,1.0,Real Bed
929,1584803,180,Entire home/apt,2.0,3.0,2.0,Real Bed
930,1585659,182,Entire home/apt,2.0,2.0,2.0,Real Bed
931,1585659,75,Private room,1.0,1.0,1.0,Real Bed
932,1589656,300,Entire home/apt,2.0,4.0,1.0,Real Bed
933,1589656,250,Entire home/apt,2.0,1.0,,Real Bed
934,1589656,120,Entire home/apt,1.0,1.0,1.0,Real Bed
935,1594307,125,Entire home/apt,1.0,4.0,1.0,Real Bed
936,1598282,80,Entire home/apt,1.0,1.0,1.0,Real Bed
937,1602200,109,Entire home/apt,1.0,1.0,1.0,Real Bed
938,1602995,140,Entire home/apt,1.0,1.0,1.0,Real Bed
939,1606566,69,Entire home/apt,1.0,2.0,1.0,Real Bed
940,1609969,180,Entire home/apt,1.0,1.0,1.0,Real Bed
941,1610324,125,Entire home/apt,1.0,1.0,1.0,Real Bed
942,1612893,65,Entire home/apt,1.0,1.0,1.0,Real Bed
943,1613017,140,Entire home/apt,1.0,1.0,1.0,Real Bed
944,1613517,300,Entire home/apt,3.0,4.0,2.0,Real Bed
945,1613938,90,Entire home/apt,2.0,2.0,1.0,Real Bed
946,1617692,89,Entire home/apt,1.0,1.0,1.0,Real Bed
947,1618520,140,Entire home/apt,2.0,4.0,1.0,Real Bed
948,1623003,95,Entire home/apt,1.0,2.0,1.0,Real Bed
949,1626196,145,Entire home/apt,1.0,1.0,1.0,Real Bed
950,1627385,55,Private room,1.0,1.0,1.0,Real Bed
951,1627385,55,Private room,1.0,1.0,1.0,Real Bed
952,1631884,146,Entire home/apt,1.0,2.0,1.0,Real Bed
953,1636433,50,Entire home/apt,1.0,1.0,1.0,Real Bed
954,1636651,180,Entire home/apt,1.0,1.0,1.0,Real Bed
955,1641710,60,Private room,1.0,1.0,1.0,Real Bed
956,1642815,88,Entire home/apt,2.0,2.0,1.0,Real Bed
957,1642884,119,Entire home/apt,1.0,1.0,1.0,Real Bed
958,1643502,140,Entire home/apt,3.0,4.0,1.0,Real Bed
959,1645998,275,Entire home/apt,3.0,5.0,1.0,Real Bed
960,1646176,170,Entire home/apt,2.0,1.0,,Real Bed
961,1651933,119,Entire home/apt,1.0,1.0,1.0,Real Bed
962,1655957,110,Entire home/apt,1.0,1.0,1.0,Real Bed
963,1657095,99,Entire home/apt,1.0,1.0,1.0,Real Bed
964,1657165,230,Entire home/apt,2.0,3.0,1.0,Real Bed
965,1657181,130,Entire home/apt,1.0,1.0,1.0,Real Bed
966,1657577,119,Entire home/apt,1.0,1.0,1.0,Real Bed
967,1657769,90,Entire home/apt,1.0,1.0,1.0,Real Bed
968,1663384,245,Entire home/apt,2.0,2.0,1.0,Real Bed
969,1664548,125,Entire home/apt,2.0,2.0,1.0,Real Bed
970,1664548,70,Private room,1.0,1.0,1.0,Real Bed
971,1664743,70,Private room,1.0,1.0,,Real Bed
972,1668421,75,Private room,1.0,1.0,1.0,Real Bed
973,1669173,95,Entire home/apt,1.0,1.0,1.0,Real Bed
974,1669600,95,Entire home/apt,2.0,2.0,1.0,Real Bed
975,1672475,95,Private room,1.0,2.0,1.0,Real Bed
976,1672823,150,Entire home/apt,2.0,6.0,1.0,Real Bed
977,1672823,141,Entire home/apt,1.0,4.0,2.0,Real Bed
978,1678490,99,Entire home/apt,1.0,1.0,1.0,Real Bed
979,1682737,49,Entire home/apt,1.0,1.0,1.5,Real Bed
980,1683449,125,Entire home/apt,3.0,4.0,1.5,Real Bed
981,1685408,160,Entire home/apt,1.0,1.0,1.0,Real Bed
982,1687684,130,Entire home/apt,1.0,2.0,1.0,Real Bed
983,1687719,120,Entire home/apt,2.0,2.0,1.0,Real Bed
984,1696020,130,Entire home/apt,1.0,1.0,1.0,Real Bed
985,1704036,79,Entire home/apt,1.0,2.0,1.0,Real Bed
986,1706915,150,Entire home/apt,2.0,2.0,1.0,Real Bed
987,1713722,110,Entire home/apt,2.0,2.0,1.0,Real Bed
988,1719589,40,Entire home/apt,1.0,1.0,1.0,Airbed
989,1719589,90,Entire home/apt,1.0,1.0,1.0,Real Bed
990,1720569,199,Entire home/apt,2.0,2.0,1.0,Real Bed
991,1720569,150,Entire home/apt,1.0,1.0,1.0,Real Bed
992,1721870,125,Entire home/apt,1.0,1.0,1.0,Real Bed
993,1721961,79,Entire home/apt,2.0,2.0,1.0,Real Bed
994,1725335,79,Private room,1.0,1.0,1.0,Real Bed
995,1725335,79,Private room,1.0,1.0,1.0,Real Bed
996,1725378,80,Entire home/apt,1.0,1.0,1.0,Real Bed
997,1730202,125,Entire home/apt,1.0,1.0,1.0,Real Bed
998,1735267,100,Entire home/apt,1.0,2.0,1.0,Real Bed
999,1738291,200,Entire home/apt,3.0,6.0,2.0,Real Bed
